"","x"
"1980-07-01",-96455
"1980-07-02",-661640
"1980-07-21",-1708370
"1980-07-22",-372000
"1980-07-29",-450817.499999998
"1980-07-30",-182070.000000002
"1980-09-22",41625.0000000004
"1980-09-23",-6945
"1980-09-25",-418695
"1980-09-26",-460245
"1980-09-29",-67729.9999999993
"1980-10-02",-93725
"1980-10-03",-387450
"1980-10-09",-617253
"1980-10-24",-10615
"1980-11-10",1397193.75
"1980-11-11",-237495
"1980-11-24",653120
"1980-12-04",526207.5
"1980-12-09",-516285
"1980-12-19",1296925
"1980-12-22",8132.00000000054
"1980-12-23",-85800
"1980-12-29",1235040
"1981-01-20",-224400
"1981-01-28",144292.5
"1981-02-09",3010290
"1981-02-19",880662.499999999
"1981-03-13",-248850
"1981-03-16",-1099570
"1981-03-17",1071480
"1981-03-18",965977.500000005
"1981-03-20",805340
"1981-03-23",-846820
"1981-04-07",-427895
"1981-05-19",1990686.4
"1981-06-04",-554182
"1981-06-15",2975707.5
"1981-06-18",264620
"1981-06-29",51240.0000000009
"1981-07-06",2529915
"1981-07-10",1195040
"1981-07-13",-360255
"1981-07-28",397300
"1981-08-06",1117200
"1981-08-11",1174860
"1981-08-13",298450
"1981-08-17",-23800.0000000002
"1981-08-18",913370
"1981-08-19",348374.999999998
"1981-08-21",-970477.500000002
"1981-09-15",-367357.5
"1981-10-05",-822465
"1981-10-09",1613576
"1981-10-12",1578075
"1981-10-30",-360567.2
"1981-11-03",-382687.5
"1981-11-16",-530612
"1981-11-23",-79042.5
"1981-12-02",-154335
"1981-12-04",2197830
"1981-12-08",-210585.000000002
"1981-12-11",139920.000000003
"1981-12-18",2409890.8
"1981-12-23",441315.000000001
"1981-12-28",3115957.5
"1982-01-06",1656580
"1982-01-14",-495579.999999997
"1982-01-18",1121507
"1982-02-04",-361555.000000001
"1982-02-11",876128.000000001
"1982-02-22",-1210457.5
"1982-03-05",-785880
"1982-03-10",1293516.4
"1982-03-17",-706875
"1982-03-22",-260972
"1982-04-01",-133860
"1982-04-05",2259160
"1982-04-12",571949.999999999
"1982-04-23",211402.5
"1982-04-28",-554730
"1982-04-29",314903.749999997
"1982-05-06",-34542.4999999986
"1982-05-26",142250
"1982-06-11",-572550
"1982-06-21",347025.000000002
"1982-06-28",1839137.5
"1982-06-29",3087735
"1982-07-08",20520
"1982-07-09",1318680.00000001
"1982-07-23",1280193.75
"1982-08-20",-906158.999999999
"1982-08-23",-549747.5
"1982-08-25",3428320
"1982-08-31",-350664.999999998
"1982-09-10",-258210
"1982-09-27",-637280
"1982-10-07",-529980
"1982-10-11",20142.5000000003
"1982-10-13",-860170.000000001
"1982-10-20",-704990
"1982-11-01",2167485
"1982-11-05",-155680
"1982-11-10",-586740
"1982-11-22",-101920
"1982-11-24",-1710.00000000161
"1982-11-30",802831.250000001
"1982-12-09",561149.999999998
"1983-01-19",-227132.5
"1983-01-24",1537590
"1983-01-25",-549129.999999998
"1983-01-26",-214662
"1983-02-22",2155220
"1983-02-23",1910270
"1983-02-24",-394930
"1983-02-28",432480
"1983-03-04",-254890
"1983-03-08",-328409.999999998
"1983-03-17",-503370
"1983-04-05",534577.499999999
"1983-04-06",609934.999999998
"1983-04-15",-413820
"1983-04-18",-547180
"1983-05-11",2497340
"1983-05-19",-476959.999999996
"1983-05-20",-560339.999999999
"1983-06-02",-1017600
"1983-06-03",-200750
"1983-06-13",-195250
"1983-06-21",-192390
"1983-06-22",253387.499999999
"1983-06-30",-447330
"1983-07-01",157675.000000001
"1983-07-07",-265920
"1983-07-15",-456032.499999999
"1983-07-20",-1416355
"1983-08-08",-76800
"1983-08-15",421992.5
"1983-08-16",-287280.000000003
"1983-08-17",-692164.999999998
"1983-08-19",482560
"1983-08-24",-659340.000000003
"1983-08-30",-1006940
"1983-09-13",-1042760
"1983-09-14",-607425
"1983-09-15",-1118410
"1983-09-19",-42187.5
"1983-09-28",-566114.999999999
"1983-09-30",-44888
"1983-10-07",-811282.500000001
"1983-10-10",1477887.5
"1983-10-19",3293070
"1983-10-27",-444360
"1983-11-04",-643885.000000005
"1983-11-28",1076552.5
"1983-11-30",1514130
"1983-12-16",70862.4000000001
"1983-12-22",-211119.999999998
"1983-12-27",-716119.999999975
"1983-12-29",-385704.999999997
"1984-01-11",-638260
"1984-01-13",-649420.000000016
"1984-01-16",-295981.249999999
"1984-01-17",348660.000000001
"1984-02-01",-698710
"1984-02-02",-704762.999999999
"1984-02-03",816250
"1984-02-22",-488774.999999991
"1984-02-29",315180
"1984-03-01",-267637.5
"1984-03-02",-26020
"1984-03-16",-570975
"1984-04-12",-488360
"1984-04-25",-712960
"1984-04-26",-447990
"1984-05-01",-102199.999999999
"1984-05-15",1999170
"1984-05-23",500639.999999993
"1984-05-31",-260820
"1984-06-01",-180215
"1984-06-04",2522906.25000002
"1984-06-07",-133302.4
"1984-07-23",5383319.99999995
"1984-08-01",2564693
"1984-08-02",-15750.4000000015
"1984-08-03",5160580
"1984-08-15",-596457.5
"1984-08-22",331200.000000002
"1984-09-04",-622500
"1984-09-10",-312107.5
"1984-10-15",250955.000000001
"1984-10-18",-857038.000000001
"1984-10-22",526679.999999999
"1984-10-23",-480722.5
"1984-10-25",3327372.50000001
"1984-11-02",-171855
"1984-11-05",1428090
"1984-11-26",-545160
"1984-12-06",1246655
"1984-12-07",-672515.999999999
"1984-12-13",-762990
"1984-12-18",-871062.500000002
"1985-01-07",-386340.000000001
"1985-01-10",-308302.5
"1985-01-14",215359.999999995
"1985-01-17",-668730.000000001
"1985-01-18",-173863
"1985-01-31",350740
"1985-02-01",3663650
"1985-02-06",-282510
"1985-02-15",1820227.5
"1985-02-27",6061002.5
"1985-03-13",-7330.0000000032
"1985-03-18",2488880
"1985-03-19",-3054942.5
"1985-04-08",768420
"1985-04-12",-381038.599999999
"1985-04-17",-565312.5
"1985-04-22",-459957.499999999
"1985-05-01",-448400.000000001
"1985-06-04",869155
"1985-06-06",-39260
"1985-06-11",-484305
"1985-06-13",-324757.5
"1985-06-18",221735
"1985-06-21",2614515.00000001
"1985-07-12",-543920
"1985-07-16",-683850
"1985-07-17",-622660
"1985-07-22",-722099.999999987
"1985-07-24",-746124.999999998
"1985-07-30",-850420
"1985-08-02",804757.5
"1985-08-06",1078282.5
"1985-08-14",1679912.5
"1985-08-15",396160
"1985-08-16",-666540
"1985-08-29",-126899.999999999
"1985-09-03",-1245985
"1985-09-05",487770
"1985-09-13",-265056
"1985-09-16",-878940
"1985-09-24",1793737.5
"1985-10-01",224360.000000001
"1985-10-02",-392872.499999999
"1985-10-03",-761600
"1985-10-14",-500430.000000001
"1985-10-29",-434160
"1985-11-05",288540
"1985-11-25",-461100
"1985-11-27",3523130
"1985-12-04",-58230
"1985-12-09",-1848360
"1985-12-10",-126799.999999999
"1985-12-18",-333870
"1985-12-26",-145526.199999999
"1985-12-27",-190200.000000001
"1986-01-03",3003432.5
"1986-01-08",115502.5
"1986-01-09",115035.000000002
"1986-01-10",1657850
"1986-01-24",-197400
"1986-01-27",-812400.000000001
"1986-02-03",-1896627.5
"1986-02-05",139199.999999996
"1986-02-26",-4789.99999999973
"1986-03-13",2179320
"1986-03-24",2649107.5
"1986-03-27",-800631.999999999
"1986-03-31",-401740
"1986-04-01",-780974.999999999
"1986-04-02",-335699.999999999
"1986-04-04",446875
"1986-04-07",4668036
"1986-04-11",404140.000000001
"1986-04-16",-892143.999999999
"1986-04-22",1193680.00000002
"1986-04-23",2489548.75
"1986-04-30",-2570490
"1986-05-01",1726380
"1986-05-02",50040
"1986-05-16",419372.5
"1986-05-20",-172220.000000001
"1986-05-22",-267030
"1986-06-02",-131820
"1986-06-09",-321840
"1986-06-10",-835380
"1986-06-12",-66494.9999999988
"1986-06-27",-296805
"1986-06-30",-488640
"1986-07-07",-478974.999999999
"1986-07-11",-166470
"1986-07-15",-285987.5
"1986-08-05",-1980991.8
"1986-08-14",-649890
"1986-08-18",-842509.999999999
"1986-08-19",1708720
"1986-09-02",328829.999999999
"1986-09-05",-376477.5
"1986-09-08",843865.000000001
"1986-09-09",3992850
"1986-09-11",684930
"1986-09-23",-1662490
"1986-09-26",2039700
"1986-09-29",-482020
"1986-10-17",-652369.999999997
"1986-10-21",370880
"1986-10-23",-626679.999999998
"1986-10-27",-493000
"1986-10-30",-723330.000000001
"1986-11-10",-44552.5
"1986-11-11",308870
"1986-12-04",1118255
"1986-12-09",-117260.000000001
"1986-12-17",-621937.5
"1986-12-26",-915797.5
"1987-01-09",-924375
"1987-01-19",317285
"1987-01-27",926189.999999999
"1987-02-06",-780202.500000002
"1987-02-10",293987.5
"1987-02-11",2531019.99999999
"1987-02-13",647360
"1987-02-17",728660.800000001
"1987-02-18",123405
"1987-03-03",-830439.999999998
"1987-03-09",-594765
"1987-03-30",-1084023.75
"1987-03-31",-449514.999999998
"1987-04-01",-468534.999999999
"1987-04-13",872250
"1987-04-14",-473870.000000003
"1987-04-27",6554730
"1987-05-07",-618829.999999993
"1987-05-18",818182.500000001
"1987-05-22",-1175720
"1987-05-26",5291725.00000004
"1987-06-12",538927.5
"1987-06-19",-983385
"1987-06-22",-758880
"1987-07-06",-964760
"1987-07-24",1782240
"1987-08-07",-2444515
"1987-08-17",3157800
"1987-08-18",-841360.000000001
"1987-08-21",1348530
"1987-08-28",-847469.999999996
"1987-09-01",565295
"1987-09-02",3143745
"1987-09-08",1362387
"1987-09-10",-613120
"1987-09-25",602770
"1987-10-19",-738160.000000001
"1987-10-20",-2243891.25000001
"1987-10-21",-520348.750000001
"1987-10-26",8330
"1987-10-27",6061040
"1987-11-02",-492750.000000001
"1987-11-16",2309108.75
"1987-11-23",1440765
"1987-11-27",143055
"1987-12-04",2404690
"1987-12-15",618930
"1987-12-16",-1212070
"1987-12-22",697909.999999999
"1987-12-23",-691649.999999999
"1988-01-04",-514910
"1988-01-05",720559.999999996
"1988-01-11",102415.999999999
"1988-01-13",-361920
"1988-01-29",485280
"1988-02-02",-454860
"1988-02-23",-442020
"1988-02-25",-276390
"1988-03-04",1432215
"1988-03-09",-469860
"1988-03-11",-306000
"1988-03-15",-427040
"1988-03-21",718163.749999994
"1988-03-23",-1007760
"1988-03-25",-516520.000000002
"1988-03-28",439634.999999997
"1988-04-07",2467170
"1988-04-12",-526015
"1988-04-14",-675209.999999999
"1988-04-15",-330150
"1988-05-17",-478040
"1988-05-18",-509219.999999998
"1988-05-19",-25277.5000000007
"1988-05-27",-700874.999999999
"1988-06-03",-372802.5
"1988-06-06",2914340.00000001
"1988-06-08",265950
"1988-06-16",-43400
"1988-06-24",-707680.000000003
"1988-06-28",-1172470
"1988-06-29",12054817.5
"1988-07-01",504799.999999999
"1988-07-18",-708960
"1988-07-20",-543600.000000002
"1988-07-21",-977985
"1988-07-22",2422220
"1988-07-25",-1494375
"1988-07-26",-1028560
"1988-09-01",-687959.999999998
"1988-09-02",-1227763.74999998
"1988-09-06",-390150
"1988-10-04",-416355
"1988-10-11",-407835.000000001
"1988-10-12",-176445.000000001
"1988-10-13",-392730
"1988-10-17",1287100
"1988-10-25",-279990
"1988-11-02",-140490
"1988-11-07",-52296.25
"1988-11-15",2324225
"1988-12-07",-536804.999999997
"1988-12-12",1930700
"1988-12-13",745807.500000002
"1988-12-14",821772.5
"1988-12-15",-371397.5
"1988-12-16",-1322730
"1988-12-30",470250
"1989-01-04",-96250.0000000001
"1989-01-05",220599.999999998
"1989-01-16",-362730
"1989-01-23",513749.999999999
"1989-01-25",-437576.999999999
"1989-02-02",56960.0000000011
"1989-02-16",-1483680
"1989-02-17",-299880.000000001
"1989-02-22",-130249.999999997
"1989-03-02",-426315
"1989-03-03",-664110
"1989-03-13",468629.999999998
"1989-03-14",974379.999999999
"1989-03-31",1689445.00000001
"1989-04-03",-646080.000000001
"1989-04-14",25245
"1989-04-17",319410
"1989-04-18",1146725
"1989-04-24",-632620
"1989-05-02",519240.000000005
"1989-05-05",-750120
"1989-05-15",1926060
"1989-05-22",-750750.000000001
"1989-05-26",1998067.5
"1989-06-02",589930.000000001
"1989-06-05",458849.999999998
"1989-06-06",1202610
"1989-06-13",-454080.000000001
"1989-06-14",-599325
"1989-06-15",481120
"1989-06-16",2358575
"1989-06-19",-385218
"1989-06-21",-595980
"1989-06-22",-443679.999999993
"1989-06-23",1492385
"1989-06-29",462870
"1989-07-05",186445
"1989-07-13",653480.000000002
"1989-07-18",83880.0000000007
"1989-07-26",-205519.999999999
"1989-08-09",573768.75
"1989-08-11",-357115
"1989-08-15",-400680
"1989-09-01",800020
"1989-09-07",269880.000000004
"1989-09-14",116414.999999999
"1989-09-25",-99840
"1989-09-28",294840.000000003
"1989-09-29",-809560
"1989-10-13",-1026932.5
"1989-10-25",77139.9999999962
"1989-10-26",-890208
"1989-10-27",55245.0000000007
"1989-11-10",-372076.000000003
"1989-11-15",1047540
"1989-11-16",335457.5
"1989-11-29",-862290.000000001
"1989-12-04",-807379.999999998
"1989-12-26",-166570
"1989-12-27",-383512.5
"1990-01-02",-146062.499999992
"1990-01-04",-399960
"1990-01-05",320540
"1990-01-08",361970.000000004
"1990-01-10",-533520
"1990-01-18",344239.999999997
"1990-01-26",-793125
"1990-02-12",-1223392.5
"1990-02-13",-808259.999999999
"1990-02-20",1271192
"1990-02-21",-1023060
"1990-02-28",-400159.999999999
"1990-03-01",1149432.5
"1990-03-05",521437.5
"1990-03-06",-87100
"1990-03-09",-637329.999999998
"1990-03-12",8995.00000000073
"1990-03-16",-406725.000000001
"1990-03-27",-559190
"1990-04-04",165409.999999997
"1990-04-20",-663960.000000001
"1990-04-30",-888750
"1990-05-04",-710884.999999986
"1990-05-07",-671174.999999999
"1990-05-11",1283445
"1990-05-14",-693620.000000001
"1990-05-15",94185
"1990-05-17",-65520.0000000009
"1990-05-18",1326530
"1990-05-21",1872200
"1990-05-22",-455830.000000002
"1990-05-24",598544.999999999
"1990-06-20",-444967.5
"1990-06-22",-413230
"1990-07-03",551249.999999999
"1990-07-05",-634725
"1990-07-06",-991707.5
"1990-07-09",1273250
"1990-07-12",-406082.600000004
"1990-07-13",1163250
"1990-08-02",-248820
"1990-08-06",-995107.5
"1990-08-14",-1235080
"1990-08-17",-518000
"1990-08-20",-89279.9999999774
"1990-08-27",2511035.8
"1990-08-31",5217073
"1990-09-05",-422370
"1990-09-06",825240
"1990-09-20",514710
"1990-10-02",1378875
"1990-10-03",-181327.573572884
"1990-10-08",211120
"1990-10-11",-328829.999999998
"1990-10-19",-2054947
"1990-10-22",2177367
"1990-10-23",935479.999999999
"1990-10-26",2953230
"1990-11-12",-377010
"1990-11-28",-309329.999999986
"1990-11-29",214855
"1990-12-03",-701545.000000001
"1990-12-07",927359.999999999
"1990-12-24",66810
"1990-12-28",-883785.000000001
"1990-12-31",1503080
"1991-01-02",-492840.000000002
"1991-01-10",-99100
"1991-01-16",-270940
"1991-01-17",-227099.999999997
"1991-01-29",4665765
"1991-02-11",-188159.999999999
"1991-02-19",-351487.500000001
"1991-02-22",-344850
"1991-02-28",-224985
"1991-03-01",962429.999999988
"1991-03-04",97859.9999999997
"1991-03-08",1004620
"1991-03-15",-944000
"1991-03-19",-584155.00000001
"1991-03-21",-96960.0000000001
"1991-04-01",-792965
"1991-04-02",55043.2000000001
"1991-04-04",1040147.5
"1991-04-09",-534445.000000001
"1991-04-12",-471040
"1991-04-19",-707849.999999997
"1991-04-22",-15759.9999999999
"1991-04-26",1009577.78121716
"1991-04-29",1373862.5
"1991-05-02",-481213.000000001
"1991-05-03",-754020
"1991-05-22",-1708920
"1991-05-23",149100.000000001
"1991-05-28",297600.000000004
"1991-06-05",326710.000000006
"1991-06-07",-658644.4
"1991-06-20",185076.000000001
"1991-06-26",-1220190
"1991-06-28",283119.999999999
"1991-07-03",-296741.337467382
"1991-07-05",-208219.999999998
"1991-07-15",289380.000000002
"1991-07-16",1143220
"1991-07-18",17260.0000000058
"1991-07-19",295589.999999999
"1991-07-22",-486255
"1991-07-23",-37120.000000001
"1991-07-24",-319372.5
"1991-08-19",-476539.870036578
"1991-08-21",730187.999999999
"1991-09-02",-230211.658351912
"1991-09-06",762960
"1991-09-13",-583205.000000002
"1991-09-17",-1304782.62551636
"1991-09-20",-34295.0000000002
"1991-09-24",-377359.999999999
"1991-09-25",145820.000000001
"1991-09-26",792360.000000004
"1991-10-09",288526.321810538
"1991-10-15",-185310
"1991-10-22",537048.75
"1991-10-23",-1174132.5
"1991-10-28",998595
"1991-11-07",446092.5
"1991-11-08",1367519.99999999
"1991-11-11",461999.999999996
"1991-11-13",-662400
"1991-11-15",-617140
"1991-11-20",-547305.000000001
"1991-11-26",32467.5
"1991-12-18",-481260
"1991-12-23",-1632870
"1991-12-30",-645888.307406
"1991-12-31",207965.195541804
"1992-01-09",310284.73727954
"1992-01-10",178172.5
"1992-01-13",1045957.5
"1992-01-15",6536779.99999999
"1992-01-20",362949.999999996
"1992-01-24",-676465.000000001
"1992-01-27",-912540
"1992-01-31",-344380
"1992-02-04",-673903.999999999
"1992-02-05",-467639.999999996
"1992-02-10",-694542.5
"1992-02-12",1326930
"1992-02-13",378087
"1992-03-04",-269694.12675148
"1992-03-05",-641590
"1992-03-06",1410240
"1992-03-25",1719610
"1992-03-27",-873120.000000003
"1992-03-30",-1099462.5
"1992-04-01",-387760
"1992-04-07",-288824.999999998
"1992-04-08",-28443.540840721
"1992-04-27",-16770.0000000018
"1992-05-06",-418550.000000001
"1992-05-12",-961027.5
"1992-05-14",-511980
"1992-05-20",78218.4000000001
"1992-05-21",-1720185.00000001
"1992-06-03",-627285
"1992-06-05",-744720
"1992-06-08",-958716.954111646
"1992-06-11",330599.999999999
"1992-06-12",574209.999999999
"1992-06-25",2536690
"1992-06-30",626420.599999995
"1992-07-02",-82529.9999999987
"1992-07-06",-417200
"1992-07-08",-803195.701260211
"1992-07-09",79870.846625
"1992-07-22",-318660
"1992-07-23",-37440.0000000071
"1992-07-24",1492800
"1992-07-28",-746010
"1992-08-03",1564097.5
"1992-08-06",-302505.000000001
"1992-08-17",-383070.000000001
"1992-08-19",1033140
"1992-08-21",-285181.792
"1992-08-24",-229490
"1992-08-25",3021650
"1992-09-03",-1603737.74626166
"1992-09-10",-824740.000000004
"1992-09-11",1087280
"1992-09-17",-1458830.69820803
"1992-09-18",472640
"1992-09-23",-537795
"1992-10-02",-930189.999999999
"1992-10-05",64530.0000000009
"1992-10-08",-410035
"1992-10-09",3115590
"1992-10-16",-580245
"1992-10-22",-1078590
"1992-10-27",-887110.000000004
"1992-11-03",-540850
"1992-11-05",-819660
"1992-11-11",245317.321599994
"1992-11-17",-234080
"1992-11-20",-612900
"1992-11-26",539515.126027765
"1992-11-27",-622217.731276302
"1992-12-04",338519.999999999
"1992-12-07",4087.49999999913
"1992-12-09",73609.9999999986
"1992-12-16",17480.000000001
"1992-12-21",1501480
"1992-12-30",-632995.335
"1993-01-04",-362537.5
"1993-01-07",-276360
"1993-01-11",-529760
"1993-01-12",28562.6142303101
"1993-01-25",-1669172.1
"1993-01-26",-410474.999999999
"1993-01-28",-268000
"1993-01-29",5240760
"1993-02-04",10139.9999999997
"1993-02-05",-569590
"1993-02-10",-649439.999999998
"1993-02-16",-524209.999999998
"1993-02-17",-263651.813462557
"1993-02-19",-2376050
"1993-02-22",198990
"1993-03-02",-443712.5
"1993-03-12",876071.25
"1993-03-15",3844800
"1993-03-17",-680000.000000001
"1993-03-18",-366220.000000001
"1993-03-22",-864986.205932089
"1993-03-23",11369655
"1993-03-26",461316.104701974
"1993-03-29",-823792.5
"1993-04-01",-639859.999999997
"1993-04-02",-491824.999999999
"1993-04-13",-865920
"1993-04-20",426482.574874993
"1993-04-23",-803455.778600406
"1993-05-04",-877239.999999999
"1993-05-10",256790.000000002
"1993-05-12",1354740
"1993-05-14",-328440.000000007
"1993-05-18",-416342.13885
"1993-06-01",47520
"1993-06-09",550470.000000001
"1993-06-11",1062990
"1993-06-16",-135080.000000002
"1993-06-18",532742.59119999
"1993-06-22",-496490.000000001
"1993-06-23",-657032.500000001
"1993-06-30",-946515
"1993-07-02",-817209.999999999
"1993-07-08",-499070.000000002
"1993-07-09",-360900
"1993-07-22",231525
"1993-07-23",-43056
"1993-07-28",2009060
"1993-07-29",-688414.848447487
"1993-08-05",-1290010
"1993-08-06",1312500
"1993-08-12",417936.200000002
"1993-08-18",-1095460
"1993-08-19",11310
"1993-09-10",-856950
"1993-09-13",420740.603506688
"1993-09-15",1688459.83005213
"1993-09-21",-706527.499999998
"1993-09-29",1620559.99999999
"1993-10-07",2311200
"1993-10-12",-667780
"1993-10-19",-386100.000000004
"1993-10-25",623092.5
"1993-11-01",-252540.000000017
"1993-11-04",-842080.000000001
"1993-11-05",-622974.580072992
"1993-11-10",-485815
"1993-11-18",45749.9999999995
"1993-11-22",-220679.999999999
"1993-11-24",2742080
"1993-12-01",881609.78434
"1993-12-03",-94710.0000000001
"1993-12-21",-716234.13754566
"1993-12-27",-290190
"1994-01-04",-621180
"1994-01-06",-192227.2
"1994-01-10",133341
"1994-01-13",-595940
"1994-01-14",768830.169562437
"1994-01-19",3832837.5
"1994-01-21",-1136460
"1994-01-26",297292.5
"1994-01-27",-602395.000000001
"1994-01-28",-444272.5
"1994-01-31",-622080
"1994-02-01",903840.000000001
"1994-02-03",-1019189.99999998
"1994-02-04",-264180.000000002
"1994-02-10",-381240
"1994-02-11",425926.068539904
"1994-02-23",-669750
"1994-03-02",1545240
"1994-03-24",-608721.1312
"1994-03-28",-124720
"1994-03-30",-575097.5
"1994-03-31",163932
"1994-04-04",-644680
"1994-04-05",2512335
"1994-04-11",-481000.000000001
"1994-04-13",714209.999999998
"1994-04-15",-501935.383109606
"1994-04-25",1645781.25
"1994-04-29",-648464
"1994-05-03",-531929.999999999
"1994-05-06",-321100.000000002
"1994-05-10",-1636290
"1994-05-12",-494893.002390315
"1994-05-16",754170
"1994-05-17",1028610.00000002
"1994-05-23",622160
"1994-06-03",-839058.005545195
"1994-06-07",-631341.599999999
"1994-06-10",1441238.98124998
"1994-06-13",1804960
"1994-06-21",-363185.752
"1994-06-23",307980.000000005
"1994-06-27",-724296.471599997
"1994-06-28",1612515
"1994-07-06",-359957.999999999
"1994-07-12",1065348.30772513
"1994-07-13",201897.694615699
"1994-07-15",-1453180
"1994-07-19",961859.999999999
"1994-07-20",716100.000000004
"1994-07-25",-801360
"1994-07-28",-20602.5
"1994-08-02",-545340
"1994-08-03",-1034595
"1994-08-05",-687077.599999998
"1994-08-10",1538600
"1994-08-29",-1460950
"1994-09-07",-307995.832573093
"1994-09-08",-764400.000000001
"1994-09-12",184564.999999999
"1994-09-30",508760
"1994-10-10",-520595.592231441
"1994-10-12",-594220.198954176
"1994-10-13",342620.000000001
"1994-10-18",379640
"1994-10-20",663920.000000004
"1994-10-26",1412550
"1994-11-02",-572281.6
"1994-11-07",-804640
"1994-11-09",713945.000000002
"1994-11-15",-395670
"1994-11-16",-813547.5
"1994-11-18",-436050
"1994-11-25",100845
"1994-12-02",46799.1297500105
"1994-12-08",810320
"1994-12-15",776580.000000007
"1994-12-19",-603200
"1994-12-20",-409531.220418907
"1994-12-21",-740125
"1994-12-28",-447019.999999998
"1994-12-30",-438668.199999999
"1995-01-03",-689312
"1995-01-06",706799.999999999
"1995-01-11",-725200
"1995-01-12",-869510
"1995-01-17",-807840.000000001
"1995-01-30",-801565.42
"1995-02-01",1336407.50000001
"1995-02-02",160739.999999995
"1995-02-06",-503757.36433284
"1995-02-24",-627325
"1995-03-01",-711480
"1995-03-06",-141910
"1995-03-07",-880320
"1995-03-10",1103780
"1995-03-13",-148995
"1995-03-16",171080.000000001
"1995-03-20",131040
"1995-03-24",4863300
"1995-03-28",1929531.156
"1995-04-05",-774630.000000003
"1995-04-12",-489321.75
"1995-04-17",-84105
"1995-04-19",-782395
"1995-04-21",-68050
"1995-04-26",663232.499999998
"1995-05-08",-771879.999999999
"1995-05-09",-793280
"1995-05-11",-484534.999999996
"1995-05-12",2605950.82439997
"1995-05-25",10860.0000000012
"1995-05-26",-616664.599999999
"1995-05-30",-732720
"1995-06-07",801569.999999992
"1995-06-09",4160857.23468851
"1995-06-22",2198086
"1995-06-23",301911.30475
"1995-06-26",2659220.76724624
"1995-06-30",-534630
"1995-07-06",-1383224.96
"1995-07-12",-428705
"1995-07-13",-515610
"1995-07-19",-698500
"1995-07-31",-1035055
"1995-08-02",-2398667
"1995-08-04",1440880
"1995-08-07",-705180
"1995-08-15",164106.31859998
"1995-08-17",-1026775
"1995-08-18",-375275
"1995-09-07",-359799.999999999
"1995-09-13",-511499.999999998
"1995-09-20",-74332.5000000007
"1995-09-21",1433187.35599999
"1995-09-25",138713.16274476
"1995-09-27",-115600.75006697
"1995-09-28",954100
"1995-10-06",-187565
"1995-10-11",-1191450
"1995-10-19",-674969.999999998
"1995-10-20",-1088320
"1995-10-26",4302572.49999999
"1995-10-27",-469437.577327731
"1995-11-01",-384299.999999999
"1995-11-09",-559480
"1995-11-10",-440039.999999997
"1995-11-15",950255
"1995-11-16",-778050.000000001
"1995-11-28",-550399.999999999
"1995-12-01",1841127.84479999
"1995-12-11",139200
"1995-12-18",344835
"1995-12-19",-173810.630194706
"1995-12-22",2204280
"1995-12-28",91120.0000000001
"1996-01-02",-597380
"1996-01-03",-156537.446625109
"1996-01-04",-900900
"1996-01-05",2038597.5
"1996-01-08",1670815
"1996-01-09",-591600
"1996-01-11",-1452208.8
"1996-01-19",-337080
"1996-01-23",1226751.2024
"1996-01-29",-897825.010600017
"1996-01-31",627411.26726073
"1996-02-01",-754549.999999999
"1996-02-05",185245.000000001
"1996-02-07",-612000.000000006
"1996-02-09",549179.999999997
"1996-02-14",-315500.000000001
"1996-02-19",-801866.643895153
"1996-02-20",-438832.500000012
"1996-02-21",-230207.2578
"1996-02-22",-468720
"1996-02-26",-784932.5
"1996-03-11",-276342.914837416
"1996-04-16",880584.400000001
"1996-04-26",-1030301.91900084
"1996-04-30",5458910
"1996-05-02",308718.03375
"1996-05-03",-541602.483052711
"1996-05-07",-390669.256800001
"1996-05-08",-354194.999999996
"1996-05-16",1404480
"1996-05-17",-1808115
"1996-05-20",-368399.999999999
"1996-05-29",-190050
"1996-06-06",101645.180203135
"1996-06-11",-762120
"1996-06-27",134294.999999999
"1996-07-01",-687599.999999999
"1996-07-05",-257062.499999999
"1996-07-08",-600410.4808
"1996-07-11",1484190
"1996-07-15",405405.000000001
"1996-07-16",-601580.000000012
"1996-07-17",125812.5
"1996-07-18",-558960
"1996-07-31",477839.999999998
"1996-08-01",-1280366.10341622
"1996-08-05",111519.999999999
"1996-08-06",-399959.999999998
"1996-08-12",-617555
"1996-08-13",1206200
"1996-08-19",272800
"1996-08-22",-483240.695175
"1996-09-04",-21461.2697392452
"1996-09-06",-596347.500000001
"1996-09-11",1093542
"1996-09-13",-741091.285
"1996-09-17",-701099.999999999
"1996-09-18",-180735.970128571
"1996-09-27",-722999.999999997
"1996-09-30",-679900
"1996-10-08",-186202.5
"1996-10-16",193154.555999977
"1996-10-22",-4.23460733145475e-09
"1996-10-30",-248909.499433984
"1996-10-31",1418840
"1996-11-01",151528.988387578
"1996-11-07",827260
"1996-11-11",85950
"1996-11-13",452610.000000002
"1996-11-15",123845.000000001
"1996-11-18",-507255.000000009
"1996-11-19",-272916
"1996-11-25",1062165
"1996-12-03",1563440
"1996-12-05",-466620
"1996-12-06",-374101.477455187
"1996-12-09",571688.086008397
"1996-12-11",1339882.15
"1996-12-12",832867.5
"1996-12-27",-1173640
"1997-01-02",46709.9999999823
"1997-01-07",-35657.5
"1997-01-10",-306194.999999997
"1997-01-14",-735020
"1997-01-15",1251045.00269503
"1997-01-24",-1553441.6
"1997-01-29",-58598.1948307154
"1997-01-30",-585360
"1997-02-04",1781120
"1997-02-12",1036160
"1997-02-20",2847399.99999999
"1997-02-21",-367717.5
"1997-02-25",-639600.000000001
"1997-02-27",1750027.5
"1997-03-05",2299550
"1997-03-07",-671802.191199983
"1997-03-12",-436580
"1997-03-17",-758122.036207415
"1997-03-18",3747607.50000001
"1997-03-19",-812446.084633325
"1997-03-20",760066.014803883
"1997-03-26",-504629.999999998
"1997-04-01",-796640
"1997-04-04",-1404430
"1997-04-07",239700.000000004
"1997-04-11",1593410
"1997-04-18",-563674.17277068
"1997-04-30",-186711.25
"1997-05-02",396000.000000003
"1997-05-05",-510300
"1997-05-08",-185377.5
"1997-05-09",449189.999999997
"1997-05-12",-1104208.2
"1997-05-22",-387939.779182233
"1997-05-23",-575640
"1997-06-02",452847.374404107
"1997-06-13",1181250
"1997-06-16",-287212
"1997-06-18",-433650
"1997-06-20",-518138.453632638
"1997-06-24",39159.9999999991
"1997-06-25",-43599.9999999976
"1997-07-02",-460980
"1997-07-03",-853020.000000001
"1997-07-07",-147074.133097158
"1997-07-14",-262117.500000001
"1997-07-18",930740.000000003
"1997-07-22",-419240
"1997-07-28",-611324.999999999
"1997-07-30",-754988.800000001
"1997-07-31",395280.000000001
"1997-08-05",-446332.75
"1997-08-07",489199.799251047
"1997-08-15",779918.037410029
"1997-08-18",-920700
"1997-08-20",161499.999999998
"1997-08-26",-412719.999999997
"1997-09-08",-540960
"1997-09-24",-464816
"1997-10-01",-543660.000000003
"1997-10-07",1860170
"1997-10-09",922245.332260202
"1997-10-10",674475.000000058
"1997-10-15",-74025.0000000003
"1997-10-21",-852750
"1997-10-23",-526108.629222143
"1997-10-24",-673200
"1997-10-27",-1376900
"1997-10-29",-952510
"1997-10-30",-461102.985349998
"1997-11-03",-277720.000000002
"1997-11-04",-366960
"1997-11-10",-106597.5
"1997-11-14",-1353274.99999997
"1997-11-17",972338.804403399
"1997-11-28",-255780.000000002
"1997-12-04",-465870
"1997-12-17",1456650
"1997-12-24",1098630
"1998-01-02",626079.999999999
"1998-01-06",1625040
"1998-01-09",-644164.753338438
"1998-01-14",-545225
"1998-01-16",-648874.523997304
"1998-01-20",556600
"1998-01-23",804895
"1998-01-26",2165935.4
"1998-01-27",578159.999999999
"1998-01-28",203034.000000001
"1998-02-05",1873250.00000001
"1998-02-09",-418319.999999999
"1998-02-18",-169455
"1998-02-19",-24330.0000000161
"1998-03-02",-1188190
"1998-03-04",146740.433048809
"1998-03-19",-20472.6312000045
"1998-03-23",-74680.7999999999
"1998-03-26",732480.000000001
"1998-03-30",92250
"1998-04-09",1897940
"1998-04-14",142480.000000003
"1998-04-23",948259.250772322
"1998-04-24",-453114.768995285
"1998-04-27",952270.000000002
"1998-04-28",-308500
"1998-05-01",-590100.000000002
"1998-05-06",-650407.500000001
"1998-05-13",-866400.000000001
"1998-05-14",-516547.39016404
"1998-05-20",1636200
"1998-05-27",-568137.5
"1998-06-05",864637.000000001
"1998-06-17",601657.000686381
"1998-06-19",-278805
"1998-06-23",1470600
"1998-06-24",11796.8
"1998-07-09",737849.226362071
"1998-07-13",-648900.000000001
"1998-07-15",146780
"1998-07-16",33247.4999999986
"1998-07-17",-370240
"1998-07-21",135159.999999999
"1998-07-28",-210195
"1998-07-29",-20168.5975000046
"1998-07-31",387450
"1998-08-19",-235963.133371215
"1998-08-27",-844739.999999999
"1998-08-31",-799155
"1998-09-01",3255980
"1998-09-03",-442956.199999998
"1998-09-10",208929.999999999
"1998-09-21",920947.5
"1998-09-28",1000195
"1998-10-07",1575520
"1998-10-08",2816270
"1998-10-09",71353.4370752616
"1998-10-12",-776650.000000001
"1998-10-15",-571650
"1998-10-16",190435.108548399
"1998-10-20",-752235.998458116
"1998-10-21",103095
"1998-10-26",-427024.999999998
"1998-11-02",5292347.50000004
"1998-11-04",165863.764000024
"1998-11-09",-559980
"1998-11-18",-967680
"1998-11-19",-284819.999999999
"1998-12-04",-563760
"1998-12-09",-546350
"1998-12-16",-644514
"1998-12-29",440299.999999997
"1999-01-04",-663079.999999998
"1999-01-06",-287012.5
"1999-01-07",-1100611.2
"1999-01-13",-127597.5
"1999-01-14",38539.9999999987
"1999-01-25",1178311.85325195
"1999-01-28",1373399
"1999-02-04",-12577.838281123
"1999-02-08",686017.500000001
"1999-02-09",1069390.3499084
"1999-02-24",-870240
"1999-02-25",257869.599999999
"1999-03-01",-1550350.71810289
"1999-03-03",-701484.634499989
"1999-03-04",-664000.000000001
"1999-03-05",1063550
"1999-03-08",-890729.999999998
"1999-03-09",-571264.999999968
"1999-03-10",1928287.5
"1999-03-12",-115800
"1999-03-16",761515
"1999-03-23",-267140
"1999-04-06",413220
"1999-04-13",-486143.111216013
"1999-04-19",-757640
"1999-04-23",437980
"1999-04-29",-203059.999999998
"1999-05-04",-708340.000000002
"1999-05-17",3296.18492537827
"1999-05-18",-345803.800000001
"1999-05-24",-441797.5
"1999-05-25",-1008380
"1999-05-26",269279.999999998
"1999-05-27",-363660
"1999-06-01",63323.0559249983
"1999-06-03",-277245
"1999-06-11",94245.0000000038
"1999-06-15",-11380.0000000002
"1999-06-21",-491040
"1999-07-12",477730
"1999-07-19",500962.500000003
"1999-07-20",-533279.999999999
"1999-07-21",1695190
"1999-07-22",164976.822561883
"1999-07-23",40589.9999999992
"1999-07-26",9450
"1999-07-27",2050048
"1999-07-30",898059.999999999
"1999-08-02",-713900.000000001
"1999-08-12",1325520
"1999-08-13",348586.5053417
"1999-08-19",992978.537268273
"1999-08-24",-668455.625
"1999-08-31",215280
"1999-09-03",-538560
"1999-09-07",-414919.999999999
"1999-09-08",-405752.500000008
"1999-09-21",-958929.999999999
"1999-09-30",1094100
"1999-10-06",644490
"1999-10-07",923649.599999998
"1999-10-08",-737572.500000002
"1999-10-14",-867349.999999999
"1999-10-15",-427500
"1999-10-19",-302599.999999999
"1999-10-22",-1193062.11679997
"1999-10-26",-766570
"1999-10-27",-232962.999999997
"1999-10-28",-759768.872505936
"1999-10-29",-1504407.52804619
"1999-11-04",-569140.410921371
"1999-11-24",277200.000000001
"1999-11-30",-240452.199999999
"1999-12-09",-482838.577211797
"1999-12-13",-702000
"1999-12-23",-251699.999999996
"2000-01-04",1864070
"2000-01-05",-1852123.93401016
"2000-01-06",122100
"2000-01-07",-671000
"2000-01-10",480940
"2000-01-12",-408135
"2000-01-18",-689920
"2000-01-19",287595
"2000-01-20",-811200
"2000-01-25",-916230.152103312
"2000-01-26",-293760.000000001
"2000-01-28",-706500
"2000-02-03",81885.9375
"2000-02-14",-252339.999999999
"2000-02-18",1381650
"2000-02-22",-933879.500000002
"2000-02-23",10660300
"2000-02-24",261960.000000035
"2000-03-01",-304225
"2000-03-06",-973507.5
"2000-03-08",1335840
"2000-03-13",-122479.521471709
"2000-03-14",1003492.8
"2000-03-17",-599079.999999999
"2000-03-21",-599816.762400013
"2000-03-23",-281324.999999999
"2000-03-28",-661740
"2000-04-03",297480
"2000-04-05",-708169.123999972
"2000-04-14",-1380808.13838705
"2000-04-25",-338250
"2000-04-27",-748552.5
"2000-05-03",-495360
"2000-05-05",1674229.99999994
"2000-05-09",-392700
"2000-05-16",-832840
"2000-05-25",-218160
"2000-05-26",-1081666.18708993
"2000-05-30",2549975.49999999
"2000-06-01",-424469.70169734
"2000-06-02",-1226374.80833062
"2000-06-06",-1050710
"2000-06-07",2878439.99999999
"2000-06-14",-955244.157999954
"2000-07-10",114540
"2000-07-14",-1100912.25668
"2000-07-17",-207000
"2000-07-19",-791520
"2000-07-20",-154800
"2000-07-21",563719.456710613
"2000-08-03",1287700
"2000-08-07",-278171.018149977
"2000-08-15",-513861.335293861
"2000-08-16",-923483.800256521
"2000-08-22",-332714.365849773
"2000-08-24",144795
"2000-08-28",919520
"2000-08-29",668879.999999999
"2000-08-31",-1148063.50125007
"2000-09-01",-361839.11868
"2000-09-11",-536220
"2000-09-12",-112494.843230367
"2000-09-13",-59710.6818
"2000-09-15",1606046
"2000-09-21",596935.000000003
"2000-09-22",1291183.8
"2000-09-25",267520.000000001
"2000-09-27",-183040.000000001
"2000-09-29",973695
"2000-10-02",179360
"2000-10-09",-931140.000000002
"2000-10-10",-123366.717296401
"2000-10-16",-676330.4
"2000-10-19",-1023082.5
"2000-10-20",-185740
"2000-10-23",260369.999999999
"2000-10-24",-489063.46082
"2000-10-27",257574.81195
"2000-10-31",614522.1875
"2000-11-01",-997260.346799998
"2000-11-03",-592597.499999998
"2000-11-06",33557.8837012502
"2000-11-08",-611344.085839656
"2000-11-17",-239381
"2000-11-20",-446250
"2000-11-29",-696890
"2000-12-01",-173979.781490528
"2000-12-04",-527685
"2000-12-06",-45342.6496000054
"2000-12-12",1091520
"2000-12-13",2286200
"2000-12-15",2939172.52981927
"2000-12-28",2743199.99999996
"2000-12-29",-562325
"2001-01-03",-392920
"2001-01-04",-601520
"2001-01-10",6847378.26270536
"2001-01-12",749263.675797472
"2001-01-16",-210295.000000004
"2001-01-17",886379.999999999
"2001-01-18",-380460.000000001
"2001-01-22",1212775.8056
"2001-01-23",-312497.549875
"2001-01-24",-711975.000000001
"2001-01-25",1592775.93120001
"2001-01-29",354141.999999999
"2001-02-02",-309280.000000057
"2001-02-05",2061720
"2001-02-12",-1033900
"2001-02-26",-240799.999999997
"2001-02-28",-62399.9999999995
"2001-03-06",-1977606.2359531
"2001-03-08",-675291.999999999
"2001-03-12",-692535
"2001-03-19",1196573.43011097
"2001-03-26",765580.158025
"2001-03-27",2256784.19941671
"2001-03-29",-314533.246096593
"2001-04-02",-82255.2889599997
"2001-04-03",-810890
"2001-04-04",124599.999999999
"2001-04-06",-48160.0000000008
"2001-04-10",-643470
"2001-04-11",-5493793.63100288
"2001-04-12",521400
"2001-04-16",553085.000000002
"2001-04-17",-859200
"2001-04-18",792560
"2001-04-19",-1467933.9004
"2001-05-07",-886063.023250006
"2001-05-16",40320
"2001-05-18",-192569.999999997
"2001-05-21",-751890.000000001
"2001-05-25",1250416
"2001-05-31",-606800
"2001-06-12",675989.999999999
"2001-06-14",-601981.875
"2001-06-15",-207997.622639997
"2001-06-20",-563114.4
"2001-06-28",425367.499999992
"2001-07-05",-42772.5
"2001-07-06",-678598.036212508
"2001-07-10",518760
"2001-07-11",585565.054972163
"2001-07-13",-594300.000000001
"2001-07-20",450970
"2001-07-31",-561234.17296
"2001-08-01",299236.061490373
"2001-08-02",-540565.419480689
"2001-08-15",346480
"2001-08-23",1614095
"2001-08-27",958342.5
"2001-09-04",-1555082.68025003
"2001-09-05",-742341.926903354
"2001-09-10",-965010.000000001
"2001-09-17",-168444.999999997
"2001-09-18",704424.979563652
"2001-09-28",4128389.51974683
"2001-10-01",-656937.499420349
"2001-10-02",1115020
"2001-10-03",2729290.06025
"2001-10-04",818232.540335505
"2001-10-05",-477359.999999998
"2001-10-10",1833455.68412497
"2001-10-11",-490887.500000002
"2001-10-15",-388640
"2001-10-19",-19772.5
"2001-11-07",7690950
"2001-11-09",194220
"2001-11-12",-234960
"2001-11-14",3314722.59245354
"2001-11-15",3221492.60187751
"2001-11-16",3488210.00000004
"2001-11-29",-475800.000000001
"2001-11-30",-412335
"2001-12-03",837000
"2001-12-10",2949705
"2001-12-18",379689
"2001-12-19",447267.199999999
"2001-12-26",799289.999999999
"2002-01-02",-758670
"2002-01-09",-267662.5
"2002-01-22",-564980
"2002-01-24",-119232.499999998
"2002-01-28",-710950
"2002-01-29",-1523075
"2002-01-30",-887039.999999999
"2002-02-05",-558214.917
"2002-02-11",-505250
"2002-02-19",-215310
"2002-03-04",-514898.411624492
"2002-03-06",966000
"2002-03-07",-1355280
"2002-03-18",-600862.780800002
"2002-03-27",-1443349.45629419
"2002-04-04",-545110
"2002-04-08",-124729.080475001
"2002-04-10",-122442.5
"2002-04-11",-237303.757879987
"2002-04-12",-487401.875
"2002-04-15",-1101490.23048
"2002-04-26",-326435.248437294
"2002-04-30",780000.000000002
"2002-05-13",229810
"2002-05-14",8790
"2002-05-15",-174585
"2002-05-16",-161250
"2002-05-24",674880
"2002-05-28",-1700123.2
"2002-05-29",-658178.26137306
"2002-06-06",-593222.191267165
"2002-06-13",185590
"2002-06-14",1800929.99999999
"2002-06-17",812519.999999998
"2002-06-20",153045
"2002-06-21",-651510
"2002-06-24",-603806
"2002-06-27",-714000
"2002-06-28",182720.000000002
"2002-07-15",-1315750
"2002-07-23",2635394.99999999
"2002-07-26",2178622.5
"2002-07-29",5609828.37569738
"2002-07-31",2422717.85404
"2002-08-05",-739500.000000001
"2002-08-06",2798565
"2002-08-15",-590040
"2002-08-16",4013139.44154003
"2002-08-19",1998412.52888001
"2002-08-20",-304301.918643704
"2002-08-22",1829791.49100007
"2002-08-26",56800
"2002-09-10",-1485721.81936153
"2002-09-13",1607190
"2002-09-18",485665
"2002-09-30",-373160
"2002-10-04",-195000.650674106
"2002-10-11",6262912.50000002
"2002-10-15",3722153.27134481
"2002-10-17",2921617.2615
"2002-10-21",-157920.000000001
"2002-10-25",116470.400000001
"2002-10-29",-436080.000000002
"2002-11-01",-279307.5
"2002-11-04",-600780
"2002-11-07",-269700.000000001
"2002-11-25",3300113.03624984
"2002-11-26",-806080.000000001
"2002-11-27",-676301.843753455
"2002-12-02",-858745
"2002-12-13",-1250325
"2002-12-20",640000
"2002-12-30",-465929.999999999
"2003-01-02",206537.500000014
"2003-01-06",-315098.677044065
"2003-01-08",-274408.999999999
"2003-01-09",-384319.6875
"2003-01-13",-665210
"2003-01-29",-653310
"2003-02-07",-353009.999999999
"2003-02-10",-952747.5
"2003-02-11",2970090
"2003-02-13",-856110
"2003-02-14",-489979.513802752
"2003-02-18",1199515
"2003-03-04",-734820
"2003-03-06",-796860.000000001
"2003-03-12",1946999.99999999
"2003-03-13",4614237.76844948
"2003-03-14",6977250.60710664
"2003-03-17",-1692150
"2003-03-18",485649.06
"2003-03-19",-1572904.44855526
"2003-03-21",828749.392884079
"2003-03-26",39794.9999999999
"2003-04-01",-633652.5
"2003-04-03",3508080
"2003-05-05",-573801.070973887
"2003-05-06",-371716.238593236
"2003-05-07",-137270
"2003-05-14",1603420
"2003-05-16",-468480
"2003-05-20",1714100
"2003-05-21",-703390
"2003-05-28",1310960
"2003-06-02",696670
"2003-06-10",-794629.999999999
"2003-06-12",31279.9999999992
"2003-06-17",-687675
"2003-06-18",-169617.5
"2003-06-20",131598.899200003
"2003-06-23",1283827.30424993
"2003-06-24",-392119.205213786
"2003-06-25",-641899.99999995
"2003-06-26",-1046788.71495995
"2003-06-27",-156890.513750038
"2003-07-01",-42436.2358775699
"2003-07-08",1434590
"2003-07-10",-411600.000000001
"2003-07-17",59296.741997711
"2003-07-24",-1000581.62346292
"2003-07-28",-771247.5
"2003-08-05",-169134.999999999
"2003-09-02",-2079847.84857501
"2003-09-04",92235
"2003-09-08",-812556.837986446
"2003-09-09",-545447.499999997
"2003-09-10",-605165
"2003-09-12",-800639.999999999
"2003-09-15",710480
"2003-09-17",-299249.999999998
"2003-09-19",51385.0000000003
"2003-09-22",-680461.746113969
"2003-09-23",1321034.657
"2003-09-24",-527067.83624997
"2003-09-25",-154440.000000001
"2003-09-26",723421.810764309
"2003-10-03",-809060.000000001
"2003-10-09",-629370.000000001
"2003-10-22",-434061.599999999
"2003-10-23",2128484.21131244
"2003-10-31",2038300
"2003-11-03",25935
"2003-11-04",-936135
"2003-11-06",-6940.00000000153
"2003-11-07",380970
"2003-11-10",191764.559952216
"2003-11-17",2075760
"2003-11-18",-361620
"2003-11-19",-1409186.50202157
"2003-11-24",-793067.599999999
"2003-11-28",-1182912.70090077
"2003-12-02",-526000
"2003-12-12",-511019.695720688
"2003-12-19",-735639.999999997
"2003-12-22",2671104.6
"2004-01-13",-634920
"2004-01-15",1560535
"2004-01-16",3436015
"2004-01-23",-357540
"2004-01-29",-610517.599999999
"2004-02-02",-317790.973945271
"2004-02-04",-42350
"2004-02-05",-107301.445308636
"2004-02-10",-474320
"2004-02-20",3295110
"2004-02-24",603690.8597183
"2004-02-26",-690845
"2004-03-02",-972487.500000002
"2004-03-03",5024732.49999999
"2004-03-05",-226795.213031914
"2004-03-10",1234530
"2004-03-11",316345.136325242
"2004-03-17",-195328
"2004-03-18",-634365
"2004-03-22",-862944.475619658
"2004-03-24",-261025
"2004-03-29",-128960.000000001
"2004-04-01",626009.999999997
"2004-04-02",1891698.65578738
"2004-04-12",1336335
"2004-04-13",-222140
"2004-04-14",-945472.5
"2004-04-15",1307320
"2004-04-21",-174509.999999999
"2004-04-30",-219767.350884601
"2004-05-10",-1446167.05236455
"2004-05-13",124119.999999999
"2004-05-18",-172800.000000001
"2004-05-20",347593
"2004-05-21",268218.046436006
"2004-05-26",-576645.000000001
"2004-05-27",-1260707.5
"2004-06-02",-825915
"2004-06-04",201880
"2004-06-08",-1394915.93576966
"2004-06-15",933530.398814907
"2004-06-18",-674772.178448786
"2004-06-24",-761680.796787175
"2004-06-30",-215839.999999992
"2004-07-01",-369629.443001743
"2004-07-02",-2480368.51647755
"2004-07-15",-681404.384536762
"2004-07-23",-504710
"2004-07-27",-653730.000000002
"2004-07-29",-475577.499999999
"2004-08-03",-118250.833343576
"2004-08-09",-389760
"2004-08-12",852.000000000533
"2004-08-19",-12460
"2004-08-20",1011595
"2004-08-23",770687.5
"2004-08-25",43826.5625899372
"2004-09-01",-21600
"2004-09-03",-654534.369283951
"2004-09-07",-618363.75164598
"2004-09-13",621270
"2004-09-14",-1034208
"2004-09-15",114982.273164983
"2004-09-21",222560
"2004-09-24",-242500
"2004-10-07",109029.375
"2004-10-13",-546480
"2004-10-25",-184648.879433389
"2004-11-01",868366.599999999
"2004-11-02",189202.851653542
"2004-11-04",-597812.815752031
"2004-11-08",-1490817.27630909
"2004-11-10",-581362.5
"2004-11-12",-263640
"2004-11-17",15262.5
"2004-12-02",122523.92546855
"2004-12-08",1181277.50000013
"2004-12-10",523574.821405421
"2004-12-17",-665568.30981554
"2004-12-22",278161.526889838
"2004-12-29",2062443.54858395
"2005-01-04",1614800
"2005-01-05",1097640
"2005-01-06",265430
"2005-01-11",207900
"2005-01-18",-1592134.80078854
"2005-01-27",990752.648594861
"2005-02-07",-34622.5
"2005-02-14",-755425
"2005-02-18",-332626.034214011
"2005-02-22",934730
"2005-03-04",-143880
"2005-03-08",425320
"2005-03-16",-1422482.11042228
"2005-03-18",660431.602441955
"2005-03-21",237346.965274838
"2005-03-23",-1547765
"2005-03-29",120370.02153188
"2005-03-31",-678965
"2005-04-06",1283747.87499997
"2005-04-08",14059.9999999998
"2005-04-12",-472150
"2005-04-14",-313010
"2005-04-15",268690.700196629
"2005-04-18",763734.692342859
"2005-04-25",6300
"2005-04-26",-555096.063839216
"2005-05-09",-431365
"2005-05-16",255810.000000001
"2005-05-23",-1004850
"2005-06-06",-503430
"2005-06-08",-374480
"2005-06-13",-1128411.91174675
"2005-06-14",-408658.125
"2005-06-15",413848.741822025
"2005-06-27",195295
"2005-07-01",-555750
"2005-07-05",-1157356.17133307
"2005-07-08",-48679.3491941689
"2005-07-11",-721293.699257629
"2005-07-12",-707701.457823763
"2005-07-20",-891190.200000001
"2005-07-21",-1472625
"2005-07-25",-553230
"2005-07-29",-604890
"2005-08-01",-571385.927916908
"2005-08-02",-745048.606376639
"2005-08-03",2218875
"2005-08-11",335617.5
"2005-08-12",-253679.999999969
"2005-08-16",-575300
"2005-08-19",1021838.04102781
"2005-08-23",-167360
"2005-08-24",-222639.999999999
"2005-08-25",1584718.81733418
"2005-08-26",855993.511617478
"2005-08-30",-913319.999999998
"2005-08-31",388679.999999998
"2005-09-01",-1345482.75755527
"2005-09-06",-304920.000000001
"2005-09-07",-92623.1999999999
"2005-09-12",-220639.999999996
"2005-09-22",-822460.000000001
"2005-09-26",-580422.067292435
"2005-09-29",-246686.226997387
"2005-09-30",-243177.5
"2005-10-06",2129743.06181317
"2005-10-07",-152418.981142042
"2005-10-13",-164043.778917791
"2005-10-31",2196400.00000001
"2005-11-01",383200.000000001
"2005-11-14",77760.0000000004
"2005-11-17",489781.6826074
"2005-11-22",40904.0625000133
"2005-11-23",-251008
"2005-11-24",934556.108932482
"2005-12-02",-518838.054976466
"2005-12-12",-583550.000000001
"2005-12-13",1003992.5
"2005-12-14",4481365
"2005-12-15",1485769.55821709
"2005-12-19",-1287080.57863592
"2005-12-20",100640
"2005-12-22",-686960
"2005-12-30",144300
"2006-01-03",-346079.999999999
"2006-01-04",-1005730
"2006-01-17",-214089.256505259
"2006-01-18",-210066
"2006-01-20",-1324682.78955808
"2006-01-23",294138.688908808
"2006-01-26",-500863.10252071
"2006-02-03",2970894.4716453
"2006-02-10",-191779.999999999
"2006-02-13",-1242990.00209928
"2006-02-15",6462720
"2006-02-17",232640
"2006-03-02",-379966.4
"2006-03-08",-382062.952965786
"2006-03-16",-1311630
"2006-03-29",-655590.000000001
"2006-04-05",-1782793.01612439
"2006-04-06",-81740.753975504
"2006-04-12",523227.252042289
"2006-04-18",840240.000000001
"2006-04-20",595005.242989381
"2006-04-26",-604176
"2006-04-28",-146965
"2006-05-04",-604000
"2006-05-11",-381000.786942261
"2006-05-12",765908.888364516
"2006-05-15",661756.043119439
"2006-05-16",-655668.84303692
"2006-05-17",-653798.399999999
"2006-05-19",5408950
"2006-05-22",3025089.47049052
"2006-05-25",541765.512533347
"2006-05-31",1630900
"2006-06-01",288224.999999999
"2006-06-02",754610
"2006-06-08",-558700
"2006-06-09",-25112.4999999987
"2006-06-13",6537.5000000007
"2006-06-15",-111940
"2006-06-29",-582330
"2006-07-06",-749070
"2006-07-11",-193520.000000001
"2006-07-13",-567791.25
"2006-07-20",817079.999999975
"2006-07-21",-895160.571599033
"2006-07-24",-175560
"2006-07-28",-955750.912971509
"2006-08-07",-847740
"2006-08-16",692850
"2006-08-21",1692913.4006917
"2006-08-22",-756000
"2006-08-30",-443460
"2006-09-08",-330897.5
"2006-09-11",-3029287.74261322
"2006-09-21",-482480
"2006-09-22",-862487.982344642
"2006-09-25",-189501.432523672
"2006-10-06",-729155
"2006-10-09",623562
"2006-10-10",-197449.999999997
"2006-10-13",-722080.01518255
"2006-10-18",-311550
"2006-10-19",-42629.9999999993
"2006-10-20",-767392.5
"2006-10-23",-841125.626907348
"2006-10-25",245960
"2006-10-30",365490
"2006-10-31",-1376290
"2006-11-01",-149990.741155541
"2006-11-02",15525
"2006-11-14",-1292194.9157983
"2006-11-20",196093.8632077
"2006-11-27",328382.252547354
"2006-11-28",1822757.46952833
"2006-11-30",1423563.6
"2006-12-04",-745634.922385202
"2006-12-07",-837087.618118472
"2006-12-08",330430
"2006-12-11",259199.999999999
"2006-12-14",-680599.212061169
"2006-12-15",-494420
"2006-12-22",-8230
"2007-01-05",343175
"2007-01-09",-248387.5
"2007-01-10",72808.9511257427
"2007-01-22",-1510536.7358398
"2007-01-23",-424000
"2007-01-30",5605126.4505073
"2007-02-09",-356380
"2007-02-15",1308485
"2007-02-16",828180.000000001
"2007-02-20",6965.00000014255
"2007-02-26",428541.090142551
"2007-02-27",493947.558518071
"2007-02-28",-1961525.93315303
"2007-03-01",-27692.8970814013
"2007-03-02",-125107.499999999
"2007-03-05",-212750
"2007-03-12",-398235
"2007-03-15",-862537.5
"2007-04-02",-196560
"2007-04-05",58302
"2007-04-10",-401292.5
"2007-05-10",268920
"2007-05-14",-472999.999999999
"2007-05-16",-556946
"2007-05-17",325399.999999997
"2007-05-22",-22242.4999999991
"2007-05-24",98500
"2007-06-04",-548099.999999999
"2007-06-06",1691739.57288124
"2007-06-07",1097637.40014972
"2007-06-12",-1054120
"2007-06-13",-790107.5
"2007-06-19",-33054.6875752326
"2007-06-22",10045
"2007-06-25",5919.375
"2007-06-29",97418.75
"2007-07-10",415695
"2007-07-12",-169905
"2007-07-17",-445735
"2007-07-18",-684200
"2007-07-20",2009126.42348188
"2007-07-24",941232.902785526
"2007-07-25",1340925.31639286
"2007-07-26",507034.001693015
"2007-07-27",3260263.08682916
"2007-07-30",-353910
"2007-08-01",-694320
"2007-08-03",-498940
"2007-08-06",-460482.200000003
"2007-08-07",38880
"2007-08-10",-76500.0000000004
"2007-08-22",-37230
"2007-08-23",-646077.533447025
"2007-09-06",-264000
"2007-09-07",-564960
"2007-09-12",-236160
"2007-09-13",-1985917.60675883
"2007-09-19",-266598.143653863
"2007-09-20",-457015
"2007-09-21",-563094.130642249
"2007-09-27",-744805.133864732
"2007-09-28",216775
"2007-10-02",-298000
"2007-10-05",-780242.500000004
"2007-10-08",2947430
"2007-10-10",-682482.290190468
"2007-10-22",-411844.999999999
"2007-10-31",-749192.960954888
"2007-11-05",2247912.37127541
"2007-11-08",-234890
"2007-11-09",-239629.999999999
"2007-11-12",-402800
"2007-11-13",1731190
"2007-11-14",246622.5
"2007-11-15",1262660
"2007-11-19",-783480
"2007-11-27",-614148.422612689
"2007-11-30",5284162.01179707
"2007-12-07",-1988921.96269773
"2007-12-10",-290949.376560914
"2007-12-14",608765.625
"2007-12-28",-595210
"2008-01-03",-620042.5
"2008-01-14",241234.539966613
"2008-01-16",-1569765.2
"2008-01-22",-386610
"2008-01-23",5686860
"2008-01-24",155565.789613281
"2008-01-25",-154176.083326045
"2008-01-28",551287.497835123
"2008-01-29",-1080680
"2008-02-04",793921.947860719
"2008-02-07",686681.999999998
"2008-02-12",-414838.431316555
"2008-02-13",-659447.5
"2008-02-19",281280
"2008-02-26",-817079.369585814
"2008-02-27",-228558.184223167
"2008-02-29",10115
"2008-03-06",3418000
"2008-03-07",7807057.5
"2008-03-17",-700320
"2008-03-19",416324.999999999
"2008-03-20",634876.379292011
"2008-03-24",1956056
"2008-03-25",763325
"2008-03-27",-390141.271877289
"2008-04-01",3990304.76566592
"2008-04-02",-1184600.04688339
"2008-04-04",-305880.451225036
"2008-04-07",102225
"2008-04-08",-575744.000000001
"2008-04-16",-790178.256337842
"2008-04-17",2837566.875
"2008-04-29",1507380
"2008-04-30",-501326.034572518
"2008-05-07",-731975
"2008-05-29",-1095420
"2008-06-02",576220.045141461
"2008-06-03",2751460.8
"2008-06-04",3150900
"2008-06-11",-1005880
"2008-06-12",282990.993385327
"2008-06-13",-238875
"2008-06-20",-631324.974572084
"2008-06-26",-1965944.77353483
"2008-07-02",-324530
"2008-07-07",426619.911502589
"2008-07-08",1268941.26492501
"2008-07-09",843390.000000002
"2008-07-10",-396029.999999999
"2008-07-15",-280413.288915148
"2008-07-17",-477880.000000003
"2008-07-18",-568920
"2008-07-22",-1199447.6
"2008-07-23",-1355537.44543913
"2008-08-04",-427964
"2008-08-11",-539460.193120238
"2008-08-14",-690880
"2008-08-19",21480.0000000016
"2008-08-21",-154639.999999998
"2008-09-03",55225
"2008-09-12",1490190
"2008-09-16",-454102.499999981
"2008-09-17",789770
"2008-09-18",-1099142.80618797
"2008-09-19",-1359227.35559741
"2008-09-22",873192.701712238
"2008-09-24",149565
"2008-09-25",90933.75
"2008-10-13",665641.323441432
"2008-10-14",2318694.11393875
"2008-10-28",52560
"2008-10-29",3379402.5
"2008-10-30",413057.2310197
"2008-11-04",-581813.854415407
"2008-11-06",3203970
"2008-11-24",-483119.999999999
"2008-11-25",-83619.9999999999
"2008-11-28",2569960
"2008-12-05",501599.999999999
"2008-12-11",843539.999999999
"2008-12-12",1305720
"2008-12-17",1095680
"2008-12-22",4258520
"2008-12-24",512910
"2008-12-26",2786935
"2008-12-31",4756720
"2009-01-02",1118792.40875326
"2009-01-05",2401889
"2009-01-06",1369716.82174683
"2009-01-07",-1097380
"2009-01-19",994370.878761353
"2009-01-23",1567556.25
"2009-01-26",4238261.23158935
"2009-01-29",-759440
"2009-02-02",573300
"2009-02-06",3189874.90469308
"2009-03-03",25980.0000000007
"2009-03-16",-1098605.05256891
"2009-03-17",1701371.27429172
"2009-03-18",-2190457.20505954
"2009-03-19",-1298717.5
"2009-03-20",-453900
"2009-03-23",-603813.568174033
"2009-03-25",-603060
"2009-04-01",-325000
"2009-04-02",2651621.01387266
"2009-04-03",-1149084.1903447
"2009-04-20",-242872.5
"2009-04-28",270320.000000001
"2009-05-01",-273760
"2009-05-07",2312400
"2009-05-26",1021244.99999998
"2009-06-04",6970829.78493675
"2009-06-05",6180050.79386991
"2009-06-08",-435435
"2009-06-15",-615310
"2009-06-19",329585.422464001
"2009-06-22",-1647865.6810981
"2009-06-23",-160697.425892363
"2009-06-30",25754.9999999992
"2009-07-02",-245631.999999997
"2009-07-03",197080
"2009-07-07",-1162633.04811219
"2009-07-08",-778905.022318373
"2009-07-13",596147.042739384
"2009-07-23",-512857.5
"2009-08-03",-849035
"2009-08-06",-717740.159869197
"2009-08-07",-1646292.29128956
"2009-08-10",-658665.000000001
"2009-08-11",-501900.000000002
"2009-08-17",-631199.999999999
"2009-09-01",-693031.000000001
"2009-09-02",219392.126163844
"2009-09-03",-696480
"2009-09-10",687690.000000001
"2009-09-11",-1267840
"2009-09-15",-461820
"2009-09-24",-1406070
"2009-09-29",-225461.006200021
"2009-10-02",-374533.134836118
"2009-10-09",-303520.101344583
"2009-10-12",326860
"2009-10-15",324878.125
"2009-10-16",-713121.578867391
"2009-10-21",-588969.322451935
"2009-10-23",-125523.754339223
"2009-10-26",-12900.0000000003
"2009-10-28",4970228.84909537
"2009-10-29",-228219.369005563
"2009-11-12",239360
"2009-11-20",-91199.9999999987
"2009-11-25",-493117.437286378
"2009-11-27",-487678.509374861
"2009-11-30",-467540
"2009-12-03",-579744.159798196
"2009-12-04",1037736.99999995
"2009-12-07",481605.000000002
"2009-12-08",2019380
"2009-12-09",-851900
"2009-12-10",-342240
"2009-12-17",-661500
"2009-12-22",3130329.375
"2009-12-28",-696020.890402791
"2009-12-30",623631.461459409
"2010-01-13",-786240
"2010-01-19",-352840
"2010-01-20",-1006933.6
"2010-01-21",-1098406.06661439
"2010-01-22",-185510.679316522
"2010-01-25",1748300.76758052
"2010-01-27",1701720
"2010-02-05",-374824.730235435
"2010-02-18",-571380
"2010-02-19",-634480
"2010-02-24",-636455.999999999
"2010-02-25",-669198.030691668
"2010-03-01",-653639.09921318
"2010-03-05",-448240
"2010-03-12",240572.500000003
"2010-03-17",1360215
"2010-03-24",-377024.999999999
"2010-03-31",-668227.5
"2010-04-06",720000
"2010-04-09",76949.999999999
"2010-04-15",354907.5
"2010-04-16",-65968.9773716174
"2010-04-19",-38879.9999999989
"2010-04-27",1073765.49205599
"2010-04-28",523626.060161804
"2010-05-04",285211.349965929
"2010-05-05",-1463065.8
"2010-05-06",-1318855
"2010-05-07",451988.674492263
"2010-05-11",-382030
"2010-05-19",-1442975
"2010-05-21",301540
"2010-05-27",-1311423.75
"2010-06-01",194784.999999999
"2010-06-03",-3639.99999999999
"2010-06-09",1010970
"2010-06-10",-803879.999999999
"2010-06-14",765599.999999999
"2010-06-15",1056652.5
"2010-06-16",-29920
"2010-06-18",1363468.62556718
"2010-06-30",-7810.00000000026
"2010-07-07",-649980
"2010-07-08",-762272.631986762
"2010-07-09",2413995.20056122
"2010-07-13",-611236.844014935
"2010-07-16",-444399.999999999
"2010-07-23",-1038215
"2010-08-06",1211100
"2010-08-12",-775942.500000002
"2010-08-23",-534978.811497704
"2010-08-24",88635
"2010-08-25",-715129.999999947
"2010-09-03",7239965.52375793
"2010-09-09",-693493.708131303
"2010-09-10",2801759.34753941
"2010-09-13",-635987.399999999
"2010-09-14",-72200
"2010-09-15",340679.296750134
"2010-09-16",-774711.136212343
"2010-09-23",1245985
"2010-09-30",-672100.000000001
"2010-10-01",426500
"2010-10-19",3507157.5
"2010-10-21",808010
"2010-10-26",-287566.25
"2010-10-27",-646002.212054085
"2010-10-29",1117402.99139055
"2010-11-01",1618400
"2010-11-08",-227075.000000071
"2010-11-10",-86715
"2010-11-11",1151704.375
"2010-11-12",9768827.5
"2010-11-15",-258603.187642685
"2010-11-16",568468.000000004
"2010-11-17",-1061022.8
"2010-11-19",-61380
"2010-11-22",117500
"2010-11-23",374864.148315052
"2010-12-03",-391065
"2010-12-07",-272205.853738219
"2010-12-14",-400631.851667217
"2010-12-28",-719695.130386361
"2010-12-29",-416770
"2010-12-31",829600
"2011-01-05",-1248440
"2011-01-06",-983425
"2011-01-11",59286.0000000003
"2011-01-12",204605.721338995
"2011-01-13",-1042340
"2011-01-14",-350910
"2011-01-20",-681240
"2011-01-25",-474699.999999995
"2011-01-28",-73079.9999999991
"2011-02-02",-1504312.12746642
"2011-02-15",-75395.0000000003
"2011-02-18",20805
"2011-02-22",460302.5
"2011-02-23",1069260
"2011-02-24",2645266.18414588
"2011-02-25",-1090459.10393828
"2011-02-28",-731877.5
"2011-03-03",348449.999999828
"2011-03-10",102529.13405418
"2011-03-11",-1084102.51037025
"2011-03-14",-462155.401882573
"2011-03-15",238500.805770766
"2011-03-16",-198178.794550893
"2011-03-18",-209345
"2011-03-23",-1112155.00000004
"2011-03-24",-646659.999999998
"2011-03-25",367799.999999996
"2011-03-30",-649038.799344592
"2011-04-18",-673787.564170366
"2011-04-26",3097440
"2011-05-02",-1598745
"2011-05-03",-117461.249999996
"2011-05-04",1498270
"2011-05-05",1643594.89999999
"2011-05-06",790685
"2011-05-09",-1220350.40013676
"2011-05-12",-698740
"2011-05-23",-1088708.30779584
"2011-06-02",-399519.999999998
"2011-06-10",-620780.679448469
"2011-06-15",-230212.499999994
"2011-06-16",-1132342.5
"2011-06-24",472679.999999979
"2011-06-28",1167953.125
"2011-06-29",-613977.959119073
"2011-06-30",-295739.500211231
"2011-07-01",157228.5
"2011-07-04",-509473.273876925
"2011-07-05",-776770.000000001
"2011-07-08",-620550
"2011-07-13",-1034445
"2011-07-21",-46931.9877970249
"2011-07-27",-340373.748786451
"2011-07-28",-688860
"2011-08-02",-615670
"2011-08-03",-874200.000000002
"2011-08-04",-596835
"2011-08-10",3113002.5
"2011-08-15",2015218.84102764
"2011-08-17",-435715
"2011-08-19",2688311.40485756
"2011-08-22",-875220.000000026
"2011-08-24",2866502.79294135
"2011-08-25",58657.5
"2011-08-29",-463550
"2011-08-30",-657160.000000001
"2011-08-31",-453870
"2011-09-07",-531080
"2011-09-13",78879.999999998
"2011-09-16",-688530.000000007
"2011-09-19",-452480.000000001
"2011-09-27",2904635
"2011-09-30",1253947.5
"2011-10-06",-457570.700149541
"2011-10-10",2119779.79970382
"2011-10-11",181036.71343222
"2011-10-12",1484024.2667866
"2011-10-13",-492038.2
"2011-10-14",-1995880
"2011-10-19",400610.795594989
"2011-10-25",-167660
"2011-10-27",-1189079.6709913
"2011-10-31",-841090
"2011-11-18",-305730
"2011-11-25",-721155.659770952
"2011-11-29",602790
"2011-11-30",-723106.708559149
"2011-12-02",-443358.706510647
"2011-12-20",-228510.000000001
"2011-12-22",-275585
"2011-12-23",-335964.375
"2011-12-27",-404065
"2011-12-29",-92999.9999999997
"2012-01-03",-279130
"2012-01-09",-538637.469739928
"2012-01-10",-145590
"2012-01-11",109229.999999999
"2012-01-12",-366080
"2012-01-19",-575120.000000002
"2012-01-20",-1206680
"2012-01-25",1733490
"2012-02-09",-266925.885958835
"2012-02-13",-613587.5
"2012-02-14",-667380
"2012-03-06",720195.74840503
"2012-03-14",-916160.472025338
"2012-03-15",1899179.90030527
"2012-03-16",-254433.916854854
"2012-03-21",-484802
"2012-03-22",-1086487.15056898
"2012-03-27",-470095
"2012-03-29",127108.435379927
"2012-04-04",648129.757393918
"2012-04-05",-89289.3106879855
"2012-04-09",-256697.999999998
"2012-04-10",1594997.5
"2012-04-13",442985
"2012-04-18",-49820
"2012-04-27",-751200
"2012-05-01",551000
"2012-05-08",1411740
"2012-05-11",-884468.75
"2012-05-14",-344852.226277585
"2012-05-16",-756510
"2012-05-18",-756782.5
"2012-05-23",-811059.653765472
"2012-06-01",-142350
"2012-06-06",-438281.250000005
"2012-06-07",-353673.137826924
"2012-06-11",-350426.165207332
"2012-06-12",671675.070166578
"2012-06-13",-241336.115011585
"2012-06-14",-1012050
"2012-06-19",-1293385.11334934
"2012-06-20",-1813105.67897082
"2012-06-29",188632.532874963
"2012-07-03",-913790.000000001
"2012-07-24",3126595
"2012-07-26",7649.99999999672
"2012-07-27",-42821.25
"2012-08-07",-789373.981475853
"2012-08-09",-667554.375
"2012-08-10",-265980
"2012-08-17",-472730.000000001
"2012-08-21",1020081.29085869
"2012-08-27",-673399.999999994
"2012-08-28",-91434.0000000015
"2012-08-30",-159622.404656411
"2012-09-07",-405395.295567516
"2012-09-11",227445
"2012-09-17",-477785
"2012-09-18",-1141925
"2012-09-19",-1592446.2
"2012-09-20",-587730
"2012-09-25",-818070.000000003
"2012-09-26",-344444.991714961
"2012-10-03",-272211.250000006
"2012-10-08",-392160.000000001
"2012-10-09",-915220.181216059
"2012-10-19",-511139.999999999
"2012-10-22",-637606
"2012-10-23",-1288897.50000001
"2012-11-01",-713090.701374994
"2012-11-02",-1058730
"2012-11-09",525886.347342114
"2012-11-12",-629538.75
"2012-11-14",-12990.9907722473
"2012-11-15",-393111.888223844
"2012-11-21",-484472.149797763
"2012-11-27",-552640
"2012-11-29",-216000
"2012-12-03",-293967.118626852
"2012-12-13",403792.499999915
"2012-12-21",806192.268448809
"2012-12-31",352906.459107387
"2013-01-03",-1190274.59890365
"2013-01-09",-476250
"2013-01-10",-613760
"2013-01-11",34825
"2013-01-14",-85330
"2013-01-15",933980
"2013-01-16",-698610
"2013-01-17",1271946
"2013-01-18",-720460.000000001
"2013-01-24",-935249.999999987
"2013-01-31",558674.999999999
"2013-02-04",506437.007433788
"2013-02-06",207657.132967714
"2013-02-08",-415249.691816533
"2013-02-11",-526987.500000002
"2013-02-20",-656270.000000001
"2013-02-25",-1801476.875
"2013-02-26",-407685.117889748
"2013-03-01",318095.000000001
"2013-03-14",426952.5
"2013-03-21",1976700
"2013-03-25",-508874.778978818
"2013-03-27",-7449.99999999947
"2013-04-01",-1529385
"2013-04-02",-667854
"2013-04-03",201120
"2013-04-04",-630720
"2013-04-05",-354.309710756002
"2013-04-08",-727515
"2013-04-09",474719.999999999
"2013-04-18",257879.999999999
"2013-04-25",1512360
"2013-04-29",-511995
"2013-05-02",-327450
"2013-05-06",-517601.599999998
"2013-05-09",-201640.000000001
"2013-05-10",-1823613.113922
"2013-05-17",-302272.5
"2013-05-20",-769920
"2013-05-24",5526046.52452469
"2013-05-28",-1151858.34404512
"2013-05-29",-757147.961629622
"2013-05-31",919497.640126604
"2013-06-03",-269180
"2013-06-05",379733.483457564
"2013-06-06",4938194.1081211
"2013-06-18",-467118.861147119
"2013-06-20",129800
"2013-06-26",-1026268.75900054
"2013-06-28",-757575
"2013-07-01",1928550
"2013-07-08",-339000
"2013-07-09",-710393.794121813
"2013-07-15",-345780
"2013-07-22",-309420
"2013-07-23",-955979.999999999
"2013-07-24",-217230
"2013-08-19",-261765.000000001
"2013-08-26",-131347.5
"2013-08-27",-347310
"2013-08-29",-196000
"2013-08-30",-284982.293908598
"2013-09-05",-1209215
"2013-09-10",1307380
"2013-09-16",-1976198.90975
"2013-09-17",541940
"2013-09-18",-1212217.49862433
"2013-09-24",-421859.938699
"2013-09-25",-220170.67439174
"2013-09-26",263317.5
"2013-09-30",-229770.000000001
"2013-10-07",-374604
"2013-10-15",-709842.5
"2013-11-12",358124.999999999
"2013-11-18",-655520.000000001
"2013-11-21",-636436.4
"2013-11-25",-258750
"2013-12-03",-123799.209704921
"2013-12-04",-362970
"2013-12-05",-683627.879026911
"2013-12-10",-367740.000000002
"2013-12-12",66015
"2013-12-20",-430502.441347085
"2014-01-02",-821924.999999999
"2014-01-03",-417012
"2014-01-09",-781890
"2014-01-12",-330942.668853029
"2014-01-13",257950
"2014-01-22",-542519.999999999
"2014-01-23",-40845.5959630016
"2014-01-24",-462751.961354311
"2014-01-27",-612391.941962709
"2014-02-03",649867.499999998
"2014-02-04",581175
"2014-02-10",2452065
"2014-03-05",-495520
"2014-03-07",24940
"2014-03-12",-754244.4
"2014-03-13",-656521.376712378
"2014-03-19",-1065408.75
"2014-03-24",-612850
"2014-03-25",-620310
"2014-05-02",-33728
"2014-05-06",-719178.480990021
"2014-05-15",-922012.5
"2014-05-28",91449.9999999992
"2014-05-29",-395715.098209975
"2014-06-09",-36431.2199999994
"2014-06-10",-316667.522830313
"2014-06-12",-1094980.2
"2014-06-13",-868129.504535251
"2014-06-19",-1875369
"2014-07-09",-27299.9999999962
"2014-07-10",-730548.467441015
"2014-07-14",-435203.629975025
"2014-07-22",-988381.207885738
"2014-07-29",-270243.750000003
"2014-08-05",-393959.999999998
"2014-08-06",109060
"2014-08-13",-512160.604479377
"2014-08-18",-488398.574579107
"2014-08-21",-544215
"2014-08-28",-1801639.8257017
"2014-09-05",-406190.000000001
"2014-09-09",-51830.000000001
"2014-09-10",-1238686.15000002
"2014-09-11",-262347.472375631
"2014-09-12",3675573.18801871
"2014-09-18",-570244.760601956
"2014-10-08",1704250
"2014-10-14",-486364.348936556
"2014-10-15",-227040.000000002
"2014-10-16",854250
"2014-10-23",456411.113453964
"2014-10-25",-791401.050453215
"2014-10-28",6988.75792443775
"2014-10-29",8711.37000000122
"2014-10-31",-1667116.77838814
"2014-11-03",-205924.999999998
"2014-11-18",195950.33447261
"2014-11-19",-728462.5
"2014-11-20",1106250
"2014-11-24",-567113
"2014-12-01",-529199.999999999
"2014-12-09",409460
"2014-12-18",-737694.163887334
"2014-12-30",-218420
"2014-12-31",425484.990201895
"2015-01-13",-457140
"2015-01-15",1447039.99999999
"2015-01-26",7621675.09040848
"2015-01-29",-509350
"2015-01-30",-61290.8031607227
"2015-02-03",5829276.00000001
"2015-02-06",790233.987204076
"2015-02-10",188275
"2015-02-12",1244880
"2015-02-17",5032290
"2015-03-16",-570960.000000001
"2015-03-20",-737782.5
"2015-03-23",1610322.14716379
"2015-03-30",-559300
"2015-03-31",-73362.3829853041
"2015-04-01",108854.999999998
"2015-04-07",-453620
"2015-04-16",-474600
"2015-04-17",1332047.41242407
"2015-04-22",451786.789191246
"2015-04-24",-446891.250000002
"2015-04-29",2482942.86953404
"2015-04-30",800196.869039583
"2015-05-01",-471557.5
"2015-05-04",1145340
"2015-05-14",-574070
"2015-05-19",1021062
"2015-06-03",-697201.746512112
"2015-06-04",-481457.6
"2015-06-05",1083469.375
"2015-06-09",-778072.18214705
"2015-06-11",-1157919.47733763
"2015-06-17",-123715
"2015-06-24",1853610
"2015-06-25",3750
"2015-07-07",-1775232.25549022
"2015-07-13",-862148.394745046
"2015-07-14",-469116.955561613
"2015-08-11",-818076.543482301
"2015-08-19",915844.999999999
"2015-08-20",270600.000000001
"2015-08-21",-548666.644400153
"2015-08-28",499015.199999999
"2015-08-31",1842800
"2015-09-11",-863532
"2015-09-15",-456365
"2015-10-05",81885.0000000001
"2015-10-06",-52616.024770818
"2015-10-08",-713115
"2015-10-09",-409145
"2015-10-13",478290.000000001
"2015-10-15",129710
"2015-10-21",-53918.5936689357
"2015-10-22",-947252.383696921
"2015-10-29",-1501162.45681431
"2015-11-02",-354202.275616261
"2015-11-06",-241128.158297543
"2015-12-02",-339675
"2015-12-03",-2602764.63422131
"2015-12-28",2070160
"2015-12-29",-607230.000000001
"2016-01-07",-1384410
"2016-01-11",-491152.5
"2016-01-22",-122017.5
"2016-01-28",1691619
"2016-01-29",-1021679.69404822
"2016-02-04",-94340.0000000002
"2016-02-10",-145500
"2016-02-17",-597162.65779212
"2016-03-01",-339919.373601664
"2016-03-02",-635486.25
"2016-03-04",1379230
"2016-03-10",-1888640.66835819
"2016-03-11",207443.609689459
"2016-03-24",-562117.5
"2016-03-29",-17250.6942719966
"2016-04-05",-387163
"2016-04-06",386372.974256597
"2016-04-07",106400
"2016-04-13",-1005360
"2016-04-19",-52057.5
"2016-04-20",518571.670225537
"2016-04-26",-583130.292236816
"2016-05-04",-442120.461209752
"2016-05-18",-821246.25
"2016-05-19",-183359.999999999
"2016-05-23",-607452
"2016-05-24",-401799.999999998
"2016-06-08",-794155.000000048
"2016-06-15",-678555
"2016-06-16",109290.999999999
"2016-06-21",-207690
"2016-06-22",-167664.27930445
"2016-07-07",2802865
"2016-07-11",33900.0000000013
"2016-07-12",1001345.71951067
"2016-07-15",96017.5
"2016-07-20",-107625
"2016-07-22",-593569.081358341
"2016-08-15",-424079.999999999
"2016-08-22",597020.000000001
"2016-08-25",1539477.79415643
"2016-08-31",256999.999999999
"2016-09-06",-498449.843244634
"2016-09-12",1263071.58451579
"2016-09-16",-536966.789670569
"2016-09-20",-166110
"2016-10-05",-622299.894707725
"2016-10-06",89640
"2016-10-07",-531339.142227179
"2016-10-14",427440
"2016-10-25",-349319.999999999
"2016-10-26",-1259338.61011511
"2016-11-01",-564720.000000001
"2016-11-04",-442066.470149161
"2016-11-09",137759.753602054
"2016-11-25",-1480740
"2016-12-20",-638040
"2016-12-27",-536012.627470486
"2016-12-30",5839061.55863227
